Nennma√übereich bis;1-18;1-18;1-18;1-18;1-18;1-18;1-18;1-18;1-18;1-18;1-18;1-18;6;7;8;3;4;5;6;7;8;9-18;3;4;5;6;7;8;9-18;3;4;5;6;7;8;9-18;3;4;5;6;7;8;9-18;3;4;5;6;7;8;1-18;3;4;5;6;7;8;9-18;3;4;5;6;7;8;9-18;3;4;5;6;7;8;9-18;3;4;5;6;7;8;9-18;3;4;5;6;7;8;9-18;3;4;5;6;7;8;9-18;3;4;5;6;7;8;9-18;3;4;5;6;7;8;9-18;3;4;5;6;7;8;9-18;3;4;5;6;7;8;9-18
;A;B;C;CD;D;E;EF;F;FG;G;H;JS;J;J;J;K;K;K;K;K;K;K;M;M;M;M;M;M;M;N;N;N;N;N;N;N;P;P;P;P;P;P;P;R;R;R;R;R;R;R;S;S;S;S;S;S;S;T;T;T;T;T;T;T;U;U;U;U;U;U;U;V;V;V;V;V;V;V;X;X;X;X;X;X;X;Y;Y;Y;Y;Y;Y;Y;Z;Z;Z;Z;Z;Z;Z;ZA;ZA;ZA;ZA;ZA;ZA;ZA;ZB;ZB;ZB;ZB;ZB;ZB;ZB;ZC;ZC;ZC;ZC;ZC;ZC;ZC
1;u;u;60;34;20;14;10;6;4;2;0;JS;2;4;6;0;0;0;0;0;0;0;-2;-2;-2;-2;-2;-2;-2;-4;-4;-4;-4;-4;-4;u;-6;-6;-6;-6;-6;-6;-6;-10;-10;-10;-10;-10;-10;-10;-14;-14;-14;-14;-14;-14;-14;u;u;u;u;u;u;u;-18;-18;-18;-18;-18;-18;-18;u;u;u;u;u;u;u;-20;-20;-20;-20;-20;-20;-20;u;u;u;u;u;u;u;-26;-26;-26;-26;-26;-26;-26;-32;-32;-32;-32;-32;-32;-32;-40;-40;-40;-40;-40;-40;-40;-60;-60;-60;-60;-60;-60;-60
3;270;140;60;34;20;14;10;6;4;2;0;JS;2;4;6;0;0;0;0;0;0;0;-2;-2;-2;-2;-2;-2;-2;-4;-4;-4;-4;-4;-4;-4;-6;-6;-6;-6;-6;-6;-6;-10;-10;-10;-10;-10;-10;-10;-14;-14;-14;-14;-14;-14;-14;u;u;u;u;u;u;u;-18;-18;-18;-18;-18;-18;-18;u;u;u;u;u;u;u;-20;-20;-20;-20;-20;-20;-20;u;u;u;u;u;u;u;-26;-26;-26;-26;-26;-26;-26;-32;-32;-32;-32;-32;-32;-32;-40;-40;-40;-40;-40;-40;-40;-60;-60;-60;-60;-60;-60;-60
6;270;140;70;46;30;20;14;10;6;4;0;JS;5;6;10;0;0,5;0;2;3;5;u;-3;-2,5;-3;-1;0;2;-4;-7;-6,5;-7;-5;-4;-2;0;-11;-10,5;-11;-9;-8;-6;-12;-14;-13,5;-14;-12;-11;-9;-15;-18;-17,5;-18;-16;-15;-13;-19;u;u;u;u;u;u;u;-22;-21,5;-22;-20;-19;-17;-23;u;u;u;u;u;u;u;-27;-26,5;-27;-25;-24;-22;-28;u;u;u;u;u;u;u;-34;-33,5;-34;-32;-31;-29;-35;-41;-40,5;-41;-39;-38;-36;-42;-49;-48,5;-49;-47;-46;-44;-50;-79;-78,5;-79;-77;-76;-74;-80
10;280;150;80;56;40;25;18;13;8;5;0;JS;5;8;12;0;0,5;1;2;5;6;u;-5;-4,5;-4;-3;0;1;-6;-9;-8,5;-8;-7;-4;-3;0;-14;-13,5;-13;-12;-9;-8;-15;-18;-17,5;-17;-16;-13;-12;-19;-22;-21,5;-21;-20;-17;-16;-23;u;u;u;u;u;u;u;-27;-26,5;-26;-25;-22;-21;-28;u;u;u;u;u;u;u;-33;-32,5;-32;-31;-28;-27;-34;u;u;u;u;u;u;u;-41;-40,5;-40;-39;-36;-35;-42;-51;-50,5;-50;-49;-46;-45;-52;-66;-65,5;-65;-64;-61;-60;-67;-96;-95,5;-95;-94;-91;-90;-97
14;290;150;95;u;50;32;u;16;u;6;0;JS;6;10;15;0;1;2;2;6;8;u;-6;-5;-4;-4;0;2;-7;-11;-10;-9;-9;-5;-3;0;-17;-16;-15;-15;-11;-9;-18;-22;-21;-20;-20;-16;-14;-23;-27;-26;-25;-25;-21;-19;-28;u;u;u;u;u;u;u;-32;-31;-30;-30;-26;-24;-33;u;u;u;u;u;u;u;-39;-38;-37;-37;-33;-31;-40;u;u;u;u;u;u;u;-49;-48;-47;-47;-43;-41;-50;-63;-62;-61;-61;-57;-55;-64;-89;-88;-87;-87;-83;-81;-90;-129;-128;-127;-127;-123;-121;-130
18;290;150;95;u;50;32;u;16;u;6;0;JS;6;10;15;0;1;2;2;6;8;u;-6;-5;-4;-4;0;2;-7;-11;-10;-9;-9;-5;-3;0;-17;-16;-15;-15;-11;-9;-18;-22;-21;-20;-20;-16;-14;-23;-27;-26;-25;-25;-21;-19;-28;u;u;u;u;u;u;u;-32;-31;-30;-30;-26;-24;-33;-38;-37;-36;-36;-32;-30;-39;-44;-43;-42;-42;-38;-36;-45;u;u;u;u;u;u;u;-59;-58;-57;-57;-53;-51;-60;-76;-75;-74;-74;-70;-68;-77;-107;-106;-105;-105;-101;-99;-108;-149;-148;-147;-147;-143;-141;-150
24;300;160;110;u;65;40;u;20;u;7;0;JS;8;12;20;-0,5;0;1;2;6;10;u;-6,5;-6;-5;-4;0;4;-8;-13,5;-13;-12;-11;-7;-3;0;-20,5;-20;-19;-18;-14;-10;-22;-26,5;-26;-25;-24;-20;-16;-28;-33,5;-33;-32;-31;-27;-23;-35;u;u;u;u;u;u;u;-39,5;-39;-38;-37;-33;-29;-41;-45,5;-45;-44;-43;-39;-35;-47;-52,5;-52;-51;-50;-46;-42;-54;-61,5;-61;-60;-59;-55;-51;-63;-71,5;-71;-70;-69;-65;-61;-73;-96,5;-96;-95;-94;-90;-86;-98;-134,5;-134;-133;-132;-128;-124;-136;-186,5;-186;-185;-184;-180;-176;-188
30;300;160;110;u;65;40;u;20;u;7;0;JS;8;12;20;-0,5;0;1;2;6;10;u;-6,5;-6;-5;-4;0;4;-8;-13,5;-13;-12;-11;-7;-3;0;-20,5;-20;-19;-18;-14;-10;-22;-26,5;-26;-25;-24;-20;-16;-28;-33,5;-33;-32;-31;-27;-23;-35;-39,5;-39;-38;-37;-33;-29;-41;-46,5;-46;-45;-44;-40;-36;-48;-53,5;-53;-52;-51;-47;-43;-55;-62,5;-62;-61;-60;-56;-52;-64;-73,5;-73;-72;-71;-67;-63;-75;-86,5;-86;-85;-84;-80;-76;-88;-116,5;-116;-115;-114;-110;-106;-118;-158,5;-158;-157;-156;-152;-148;-160;-216,5;-216;-215;-214;-210;-206;-218
40;310;170;120;u;80;50;u;25;u;9;0;JS;10;14;24;-0,5;1;2;3;7;12;u;-7,5;-6;-5;-4;0;5;-9;-15,5;-14;-13;-12;-8;-3;0;-24,5;-23;-22;-21;-17;-12;-26;-32,5;-31;-30;-29;-25;-20;-34;-41,5;-40;-39;-38;-34;-29;-43;-46,5;-45;-44;-43;-39;-34;-48;-58,5;-57;-56;-55;-51;-46;-60;-66,5;-65;-64;-63;-59;-54;-68;-78,5;-77;-76;-75;-71;-66;-80;-92,5;-91;-90;-89;-85;-80;-94;-110,5;-109;-108;-107;-103;-98;-112;-146,5;-145;-144;-143;-139;-134;-148;-198,5;-197;-196;-195;-191;-186;-200;-272,5;-271;-270;-269;-265;-260;-274
50;320;180;130;u;80;50;u;25;u;9;0;JS;10;14;24;-0,5;1;2;3;7;12;u;-7,5;-6;-5;-4;0;5;-9;-15,5;-14;-13;-12;-8;-3;0;-24,5;-23;-22;-21;-17;-12;-26;-32,5;-31;-30;-29;-25;-20;-34;-41,5;-40;-39;-38;-34;-29;-43;-52,5;-51;-50;-49;-45;-40;-54;-68,5;-67;-66;-65;-61;-56;-70;-79,5;-78;-77;-76;-72;-67;-81;-95,5;-94;-93;-92;-88;-83;-97;-112,5;-111;-110;-109;-105;-100;-114;-134,5;-133;-132;-131;-127;-122;-136;-178,5;-177;-176;-175;-171;-166;-180;-240,5;-239;-238;-237;-233;-228;-242;-323,5;-322;-321;-320;-316;-311;-325
65;340;190;140;u;100;60;u;30;u;10;0;JS;13;18;28;0;1;3;4;9;14;u;-9;-8;-6;-5;0;5;-11;-18;-17;-15;-14;-9;-4;0;-30;-29;-27;-26;-21;-16;-32;-39;-38;-36;-35;-30;-25;-41;-51;-50;-48;-47;-42;-37;-53;-64;-63;-61;-60;-55;-50;-66;-85;-84;-82;-81;-76;-71;-87;-100;-99;-97;-96;-91;-86;-102;-120;-119;-117;-116;-111;-106;-122;-142;-141;-139;-138;-133;-128;-144;-170;-169;-167;-166;-161;-156;-172;-224;-223;-221;-220;-215;-210;-226;-298;-297;-295;-294;-289;-284;-300;-403;-402;-400;-399;-394;-389;-405
80;360;200;150;u;100;60;u;30;u;10;0;JS;13;18;28;0;1;3;4;9;14;u;-9;-8;-6;-5;0;5;-11;-18;-17;-15;-14;-9;-4;0;-30;-29;-27;-26;-21;-16;-32;-41;-40;-38;-37;-32;-27;-43;-57;-56;-54;-53;-48;-43;-59;-73;-72;-70;-69;-64;-59;-75;-100;-99;-97;-96;-91;-86;-102;-118;-117;-115;-114;-109;-104;-120;-144;-143;-141;-140;-135;-130;-146;-172;-171;-169;-168;-163;-158;-174;-208;-207;-205;-204;-199;-194;-210;-272;-271;-269;-268;-263;-258;-274;-358;-357;-355;-354;-349;-344;-360;-478;-477;-475;-474;-469;-464;-480
100;380;220;170;u;120;72;u;36;u;12;0;JS;16;22;34;-1;1;2;4;10;16;u;-11;-9;-8;-6;0;6;-13;-21;-19;-18;-16;-10;-4;0;-35;-33;-32;-30;-24;-18;-37;-49;-47;-46;-44;-38;-32;-51;-69;-67;-66;-64;-58;-52;-71;-89;-87;-86;-84;-78;-72;-91;-122;-120;-119;-117;-111;-105;-124;-144;-142;-141;-139;-133;-127;-146;-176;-174;-173;-171;-165;-159;-178;-212;-210;-209;-207;-201;-195;-214;-256;-254;-253;-251;-245;-239;-258;-333;-331;-330;-328;-322;-316;-335;-443;-441;-440;-438;-432;-426;-445;-583;-581;-580;-578;-572;-566;-585
120;410;240;180;u;120;72;u;36;u;12;0;JS;16;22;34;-1;1;2;4;10;16;u;-11;-9;-8;-6;0;6;-13;-21;-19;-18;-16;-10;-4;0;-35;-33;-32;-30;-24;-18;-37;-52;-50;-49;-47;-41;-35;-54;-77;-75;-74;-72;-66;-60;-79;-102;-100;-99;-97;-91;-85;-104;-142;-140;-139;-137;-131;-125;-144;-170;-168;-167;-165;-159;-153;-172;-208;-206;-205;-203;-197;-191;-210;-252;-250;-249;-247;-241;-235;-254;-308;-306;-305;-303;-297;-291;-310;-398;-396;-395;-393;-387;-381;-400;-523;-521;-520;-518;-512;-506;-525;-688;-686;-685;-683;-677;-671;-690
140;460;260;200;u;145;85;u;43;u;14;0;JS;18;26;41;0;1;3;4;12;20;u;-12;-11;-9;-8;0;8;-15;-24;-23;-21;-20;-12;-4;0;-40;-39;-37;-36;-28;-20;-43;-60;-59;-57;-56;-48;-40;-63;-89;-88;-86;-85;-77;-69;-92;-119;-118;-116;-115;-107;-99;-122;-167;-166;-164;-163;-155;-147;-170;-199;-198;-196;-195;-187;-179;-202;-245;-244;-242;-241;-233;-225;-248;-297;-296;-294;-293;-285;-277;-300;-362;-361;-359;-358;-350;-342;-365;-467;-466;-464;-463;-455;-447;-470;-617;-616;-614;-613;-605;-597;-620;-797;-796;-794;-793;-785;-777;-800
160;520;280;210;u;145;85;u;43;u;14;0;JS;18;26;41;0;1;3;4;12;20;u;-12;-11;-9;-8;0;8;-15;-24;-23;-21;-20;-12;-4;0;-40;-39;-37;-36;-28;-20;-43;-62;-61;-59;-58;-50;-42;-65;-97;-96;-94;-93;-85;-77;-100;-131;-130;-128;-127;-119;-111;-134;-187;-186;-184;-183;-175;-167;-190;-225;-224;-222;-221;-213;-205;-228;-277;-276;-274;-273;-265;-257;-280;-337;-336;-334;-333;-325;-317;-340;-412;-411;-409;-408;-400;-392;-415;-532;-531;-529;-528;-520;-512;-535;-697;-696;-694;-693;-685;-677;-700;-897;-896;-894;-893;-885;-877;-900
180;580;310;230;u;145;85;u;43;u;14;0;JS;18;26;41;0;1;3;4;12;20;u;-12;-11;-9;-8;0;8;-15;-24;-23;-21;-20;-12;-4;0;-40;-39;-37;-36;-28;-20;-43;-65;-64;-62;-61;-53;-45;-68;-105;-104;-102;-101;-93;-85;-108;-143;-142;-140;-139;-131;-123;-146;-207;-206;-204;-203;-195;-187;-210;-249;-248;-246;-245;-237;-229;-252;-307;-306;-304;-303;-295;-287;-310;-377;-376;-374;-373;-365;-357;-380;-482;-481;-479;-478;-470;-462;-485;-597;-596;-594;-593;-585;-577;-600;-777;-776;-774;-773;-765;-757;-780;-997;-996;-994;-993;-985;-977;-1000
200;660;340;240;u;170;100;u;50;u;15;0;JS;22;30;47;-1;0;2;5;13;22;u;-14;-13;-11;-8;0;9;-17;-28;-27;-25;-22;-14;-5;0;-47;-46;-44;-41;-33;-24;-50;-74;-73;-71;-68;-60;-51;-77;-119;-118;-116;-113;-105;-96;-122;-163;-162;-160;-157;-149;-140;-166;-233;-232;-230;-227;-219;-210;-236;-281;-280;-278;-275;-267;-258;-284;-347;-346;-344;-341;-333;-324;-350;-422;-421;-419;-416;-408;-399;-425;-517;-516;-514;-511;-503;-494;-520;-667;-666;-664;-661;-653;-644;-670;-877;-876;-874;-871;-863;-854;-880;-1147;-1146;-1144;-1141;-1133;-1124;-1150
225;740;380;260;u;170;100;u;50;u;15;0;JS;22;30;47;-1;0;2;5;13;22;u;-14;-13;-11;-8;0;9;-17;-28;-27;-25;-22;-14;-5;0;-47;-46;-44;-41;-33;-24;-50;-77;-76;-74;-71;-63;-54;-80;-127;-126;-124;-121;-113;-104;-130;-177;-176;-174;-171;-163;-154;-180;-255;-254;-252;-249;-241;-232;-258;-307;-306;-304;-301;-293;-284;-310;-382;-381;-379;-376;-368;-359;-385;-467;-466;-464;-461;-453;-444;-470;-572;-571;-569;-566;-558;-549;-575;-737;-736;-734;-731;-723;-714;-740;-957;-956;-954;-951;-943;-934;-960;-1247;-1246;-1244;-1241;-1233;-1224;-1250
250;820;420;280;u;170;100;u;50;u;15;0;JS;22;30;47;-1;0;2;5;13;22;u;-14;-13;-11;-8;0;9;-17;-28;-27;-25;-22;-14;-5;0;-47;-46;-44;-41;-33;-24;-50;-81;-80;-78;-75;-67;-58;-84;-137;-136;-134;-131;-123;-114;-140;-193;-192;-190;-187;-179;-170;-196;-281;-280;-278;-275;-267;-258;-284;-337;-336;-334;-331;-323;-314;-340;-422;-421;-419;-416;-408;-399;-425;-517;-516;-514;-511;-503;-494;-520;-637;-636;-634;-631;-623;-614;-640;-817;-816;-814;-811;-803;-794;-820;-1047;-1046;-1044;-1041;-1033;-1024;-1050;-1347;-1346;-1344;-1341;-1333;-1324;-1350
280;920;480;300;u;190;110;u;56;u;17;0;JS;25;36;55;0;0;3;5;16;25;u;-16;-16;-13;-9;0;9;-20;-30;-30;-27;-25;-14;-5;0;-52;-52;-49;-47;-36;-27;-56;-90;-90;-87;-85;-74;-65;-94;-154;-154;-151;-149;-138;-129;-158;-214;-214;-211;-209;-198;-189;-218;-311;-311;-308;-306;-295;-286;-315;-381;-381;-378;-376;-365;-356;-385;-471;-471;-468;-466;-455;-446;-475;-576;-576;-573;-571;-560;-551;-580;-706;-706;-703;-701;-690;-681;-710;-916;-916;-913;-911;-900;-891;-920;-1196;-1196;-1193;-1191;-1180;-1171;-1200;-1546;-1546;-1543;-1541;-1530;-1521;-1550
315;1050;540;330;u;190;110;u;56;u;17;0;JS;25;36;55;0;0;3;5;16;25;u;-16;-16;-13;-9;0;9;-20;-30;-30;-27;-25;-14;-5;0;-52;-52;-49;-47;-36;-27;-56;-94;-94;-91;-89;-78;-69;-98;-166;-166;-163;-161;-150;-141;-170;-236;-236;-233;-231;-220;-211;-240;-346;-346;-343;-341;-330;-321;-350;-421;-421;-418;-416;-405;-396;-425;-521;-521;-518;-516;-505;-496;-525;-646;-646;-643;-641;-630;-621;-650;-786;-786;-783;-781;-770;-761;-790;-996;-996;-993;-991;-980;-971;-1000;-1296;-1296;-1293;-1291;-1280;-1271;-1300;-1696;-1696;-1693;-1691;-1680;-1671;-1700
355;1200;600;360;u;210;125;u;62;u;18;0;JS;29;39;60;0;1;3;7;17;28;u;-17;-16;-14;-10;0;11;-21;-33;-32;-30;-26;-16;-5;0;-58;-57;-55;-51;-41;-30;-62;-104;-103;-101;-97;-87;-76;-108;-186;-185;-183;-179;-169;-158;-190;-264;-263;-261;-257;-247;-236;-268;-386;-385;-383;-379;-369;-358;-390;-471;-470;-468;-464;-454;-443;-475;-586;-585;-583;-579;-569;-558;-590;-726;-725;-723;-719;-709;-698;-730;-896;-895;-893;-889;-879;-868;-900;-1146;-1145;-1143;-1139;-1129;-1118;-1150;-1496;-1495;-1493;-1489;-1479;-1468;-1500;-1896;-1895;-1893;-1889;-1879;-1868;-1900
400;1350;680;400;u;210;125;u;62;u;18;0;JS;29;39;60;0;1;3;7;17;28;u;-17;-16;-14;-10;0;11;-21;-33;-32;-30;-26;-16;-5;0;-58;-57;-55;-51;-41;-30;-62;-110;-109;-107;-103;-93;-82;-114;-204;-203;-201;-197;-187;-176;-208;-290;-289;-287;-283;-273;-262;-294;-431;-430;-428;-424;-414;-403;-435;-526;-525;-523;-519;-509;-498;-530;-656;-655;-653;-649;-639;-628;-660;-816;-815;-813;-809;-799;-788;-820;-996;-995;-993;-989;-979;-968;-1000;-1296;-1295;-1293;-1289;-1279;-1268;-1300;-1646;-1645;-1643;-1639;-1629;-1618;-1650;-2096;-2095;-2093;-2089;-2079;-2068;-2100
450;1500;760;440;u;230;135;u;68;u;20;0;JS;33;43;66;0;0;2;8;18;29;u;-18;-18;-16;-10;0;11;-23;-35;-35;-33;-27;-17;-6;0;-63;-63;-61;-55;-45;-34;-68;-121;-121;-119;-113;-103;-92;-126;-227;-227;-225;-219;-209;-198;-232;-325;-325;-323;-317;-307;-296;-330;-485;-485;-483;-477;-467;-456;-490;-590;-590;-588;-582;-572;-561;-595;-735;-735;-733;-727;-717;-706;-740;-915;-915;-913;-907;-897;-886;-920;-1095;-1095;-1093;-1087;-1077;-1066;-1100;-1445;-1445;-1443;-1437;-1427;-1416;-1450;-1845;-1845;-1843;-1837;-1827;-1816;-1850;-2395;-2395;-2393;-2387;-2377;-2366;-2400
500;1650;840;480;u;230;135;u;68;u;20;0;JS;33;43;66;0;0;2;8;18;29;u;-18;-18;-16;-10;0;11;-23;-35;-35;-33;-27;-17;-6;0;-63;-63;-61;-55;-45;-34;-68;-127;-127;-125;-119;-109;-98;-132;-247;-247;-245;-239;-229;-218;-252;-355;-355;-353;-347;-337;-326;-360;-535;-535;-533;-527;-517;-506;-540;-655;-655;-653;-647;-637;-626;-660;-815;-815;-813;-807;-797;-786;-820;-995;-995;-993;-987;-977;-966;-1000;-1245;-1245;-1243;-1237;-1227;-1216;-1250;-1595;-1595;-1593;-1587;-1577;-1566;-1600;-2095;-2095;-2093;-2087;-2077;-2066;-2100;-2595;-2595;-2593;-2587;-2577;-2566;-2600
560;u;u;u;u;260;145;u;76;u;22;0;JS;u;u;u;0;0;0;0;0;0;u;-26;-26;-26;-26;-26;-26;-26;-44;-44;-44;-44;-44;-44;-44;-78;-78;-78;-78;-78;-78;-78;-150;-150;-150;-150;-150;-150;-150;-280;-280;-280;-280;-280;-280;-280;-400;-400;-400;-400;-400;-400;-400;-600;-600;-600;-600;-600;-600;-600;u;u;u;u;u;u;u;u;u;u;u;u;u;u;u;u;u;u;u;u;u;u;u;u;u;u;u;u;u;u;u;u;u;u;u;u;u;u;u;u;u;u;u;u;u;u;u;u;u
630;u;u;u;u;260;145;u;76;u;22;0;JS;u;u;u;0;0;0;0;0;0;u;-26;-26;-26;-26;-26;-26;-26;-44;-44;-44;-44;-44;-44;-44;-78;-78;-78;-78;-78;-78;-78;-155;-155;-155;-155;-155;-155;-155;-310;-310;-310;-310;-310;-310;-310;-450;-450;-450;-450;-450;-450;-450;-660;-660;-660;-660;-660;-660;-660;u;u;u;u;u;u;u;u;u;u;u;u;u;u;u;u;u;u;u;u;u;u;u;u;u;u;u;u;u;u;u;u;u;u;u;u;u;u;u;u;u;u;u;u;u;u;u;u;u
710;u;u;u;u;290;160;u;80;u;24;0;JS;u;u;u;0;0;0;0;0;0;u;-30;-30;-30;-30;-30;-30;-30;-50;-50;-50;-50;-50;-50;-50;-88;-88;-88;-88;-88;-88;-88;-175;-175;-175;-175;-175;-175;-175;-340;-340;-340;-340;-340;-340;-340;-500;-500;-500;-500;-500;-500;-500;-740;-740;-740;-740;-740;-740;-740;u;u;u;u;u;u;u;u;u;u;u;u;u;u;u;u;u;u;u;u;u;u;u;u;u;u;u;u;u;u;u;u;u;u;u;u;u;u;u;u;u;u;u;u;u;u;u;u;u
800;u;u;u;u;290;160;u;80;u;24;0;JS;u;u;u;0;0;0;0;0;0;u;-30;-30;-30;-30;-30;-30;-30;-50;-50;-50;-50;-50;-50;-50;-88;-88;-88;-88;-88;-88;-88;-185;-185;-185;-185;-185;-185;-185;-380;-380;-380;-380;-380;-380;-380;-560;-560;-560;-560;-560;-560;-560;-840;-840;-840;-840;-840;-840;-840;u;u;u;u;u;u;u;u;u;u;u;u;u;u;u;u;u;u;u;u;u;u;u;u;u;u;u;u;u;u;u;u;u;u;u;u;u;u;u;u;u;u;u;u;u;u;u;u;u
900;u;u;u;u;320;170;u;86;u;26;0;JS;u;u;u;0;0;0;0;0;0;u;-34;-34;-34;-34;-34;-34;-34;-56;-56;-56;-56;-56;-56;-56;-100;-100;-100;-100;-100;-100;-100;-210;-210;-210;-210;-210;-210;-210;-430;-430;-430;-430;-430;-430;-430;-620;-620;-620;-620;-620;-620;-620;-940;-940;-940;-940;-940;-940;-940;u;u;u;u;u;u;u;u;u;u;u;u;u;u;u;u;u;u;u;u;u;u;u;u;u;u;u;u;u;u;u;u;u;u;u;u;u;u;u;u;u;u;u;u;u;u;u;u;u
1000;u;u;u;u;320;170;u;86;u;26;0;JS;u;u;u;0;0;0;0;0;0;u;-34;-34;-34;-34;-34;-34;-34;-56;-56;-56;-56;-56;-56;-56;-100;-100;-100;-100;-100;-100;-100;-220;-220;-220;-220;-220;-220;-220;-470;-470;-470;-470;-470;-470;-470;-680;-680;-680;-680;-680;-680;-680;-1050;-1050;-1050;-1050;-1050;-1050;-1050;u;u;u;u;u;u;u;u;u;u;u;u;u;u;u;u;u;u;u;u;u;u;u;u;u;u;u;u;u;u;u;u;u;u;u;u;u;u;u;u;u;u;u;u;u;u;u;u;u
1120;u;u;u;u;350;195;u;98;u;28;0;JS;u;u;u;0;0;0;0;0;0;u;-40;-40;-40;-40;-40;-40;-40;-66;-66;-66;-66;-66;-66;-66;-120;-120;-120;-120;-120;-120;-120;-250;-250;-250;-250;-250;-250;-250;-520;-520;-520;-520;-520;-520;-520;-780;-780;-780;-780;-780;-780;-780;-1150;-1150;-1150;-1150;-1150;-1150;-1150;u;u;u;u;u;u;u;u;u;u;u;u;u;u;u;u;u;u;u;u;u;u;u;u;u;u;u;u;u;u;u;u;u;u;u;u;u;u;u;u;u;u;u;u;u;u;u;u;u
1250;u;u;u;u;350;195;u;98;u;28;0;JS;u;u;u;0;0;0;0;0;0;u;-40;-40;-40;-40;-40;-40;-40;-66;-66;-66;-66;-66;-66;-66;-120;-120;-120;-120;-120;-120;-120;-260;-260;-260;-260;-260;-260;-260;-580;-580;-580;-580;-580;-580;-580;-840;-840;-840;-840;-840;-840;-840;-1300;-1300;-1300;-1300;-1300;-1300;-1300;u;u;u;u;u;u;u;u;u;u;u;u;u;u;u;u;u;u;u;u;u;u;u;u;u;u;u;u;u;u;u;u;u;u;u;u;u;u;u;u;u;u;u;u;u;u;u;u;u
1400;u;u;u;u;390;220;u;110;u;30;0;JS;u;u;u;0;0;0;0;0;0;u;-48;-48;-48;-48;-48;-48;-48;-78;-78;-78;-78;-78;-78;-78;-140;-140;-140;-140;-140;-140;-140;-300;-300;-300;-300;-300;-300;-300;-640;-640;-640;-640;-640;-640;-640;-960;-960;-960;-960;-960;-960;-960;-1450;-1450;-1450;-1450;-1450;-1450;-1450;u;u;u;u;u;u;u;u;u;u;u;u;u;u;u;u;u;u;u;u;u;u;u;u;u;u;u;u;u;u;u;u;u;u;u;u;u;u;u;u;u;u;u;u;u;u;u;u;u
1600;u;u;u;u;390;220;u;110;u;30;0;JS;u;u;u;0;0;0;0;0;0;u;-48;-48;-48;-48;-48;-48;-48;-78;-78;-78;-78;-78;-78;-78;-140;-140;-140;-140;-140;-140;-140;-330;-330;-330;-330;-330;-330;-330;-720;-720;-720;-720;-720;-720;-720;-1050;-1050;-1050;-1050;-1050;-1050;-1050;-1600;-1600;-1600;-1600;-1600;-1600;-1600;u;u;u;u;u;u;u;u;u;u;u;u;u;u;u;u;u;u;u;u;u;u;u;u;u;u;u;u;u;u;u;u;u;u;u;u;u;u;u;u;u;u;u;u;u;u;u;u;u
1800;u;u;u;u;430;240;u;120;u;32;0;JS;u;u;u;0;0;0;0;0;0;u;-58;-58;-58;-58;-58;-58;-58;-92;-92;-92;-92;-92;-92;-92;-170;-170;-170;-170;-170;-170;-170;-370;-370;-370;-370;-370;-370;-370;-820;-820;-820;-820;-820;-820;-820;-1200;-1200;-1200;-1200;-1200;-1200;-1200;-1850;-1850;-1850;-1850;-1850;-1850;-1850;u;u;u;u;u;u;u;u;u;u;u;u;u;u;u;u;u;u;u;u;u;u;u;u;u;u;u;u;u;u;u;u;u;u;u;u;u;u;u;u;u;u;u;u;u;u;u;u;u
2000;u;u;u;u;430;240;u;120;u;32;0;JS;u;u;u;0;0;0;0;0;0;u;-58;-58;-58;-58;-58;-58;-58;-92;-92;-92;-92;-92;-92;-92;-170;-170;-170;-170;-170;-170;-170;-400;-400;-400;-400;-400;-400;-400;-920;-920;-920;-920;-920;-920;-920;-1350;-1350;-1350;-1350;-1350;-1350;-1350;-2000;-2000;-2000;-2000;-2000;-2000;-2000;u;u;u;u;u;u;u;u;u;u;u;u;u;u;u;u;u;u;u;u;u;u;u;u;u;u;u;u;u;u;u;u;u;u;u;u;u;u;u;u;u;u;u;u;u;u;u;u;u
2240;u;u;u;u;480;260;u;130;u;34;0;JS;u;u;u;0;0;0;0;0;0;u;-68;-68;-68;-68;-68;-68;-68;-110;-110;-110;-110;-110;-110;-110;-195;-195;-195;-195;-195;-195;-195;-440;-440;-440;-440;-440;-440;-440;-1000;-1000;-1000;-1000;-1000;-1000;-1000;-1500;-1500;-1500;-1500;-1500;-1500;-1500;-2300;-2300;-2300;-2300;-2300;-2300;-2300;u;u;u;u;u;u;u;u;u;u;u;u;u;u;u;u;u;u;u;u;u;u;u;u;u;u;u;u;u;u;u;u;u;u;u;u;u;u;u;u;u;u;u;u;u;u;u;u;u
2500;u;u;u;u;480;260;u;130;u;34;0;JS;u;u;u;0;0;0;0;0;0;u;-68;-68;-68;-68;-68;-68;-68;-110;-110;-110;-110;-110;-110;-110;-195;-195;-195;-195;-195;-195;-195;-460;-460;-460;-460;-460;-460;-460;-1100;-1100;-1100;-1100;-1100;-1100;-1100;-1650;-1650;-1650;-1650;-1650;-1650;-1650;-2500;-2500;-2500;-2500;-2500;-2500;-2500;u;u;u;u;u;u;u;u;u;u;u;u;u;u;u;u;u;u;u;u;u;u;u;u;u;u;u;u;u;u;u;u;u;u;u;u;u;u;u;u;u;u;u;u;u;u;u;u;u
2800;u;u;u;u;520;290;u;145;u;38;0;JS;u;u;u;0;0;0;0;0;0;u;-76;-76;-76;-76;-76;-76;-76;-135;-135;-135;-135;-135;-135;-135;-240;-240;-240;-240;-240;-240;-240;-550;-550;-550;-550;-550;-550;-550;-1250;-1250;-1250;-1250;-1250;-1250;-1250;-1900;-1900;-1900;-1900;-1900;-1900;-1900;-2900;-2900;-2900;-2900;-2900;-2900;-2900;u;u;u;u;u;u;u;u;u;u;u;u;u;u;u;u;u;u;u;u;u;u;u;u;u;u;u;u;u;u;u;u;u;u;u;u;u;u;u;u;u;u;u;u;u;u;u;u;u
3150;u;u;u;u;520;290;u;145;u;38;0;JS;u;u;u;0;0;0;0;0;0;u;-76;-76;-76;-76;-76;-76;-76;-135;-135;-135;-135;-135;-135;-135;-240;-240;-240;-240;-240;-240;-240;-580;-580;-580;-580;-580;-580;-580;-1400;-1400;-1400;-1400;-1400;-1400;-1400;-2100;-2100;-2100;-2100;-2100;-2100;-2100;-3200;-3200;-3200;-3200;-3200;-3200;-3200;u;u;u;u;u;u;u;u;u;u;u;u;u;u;u;u;u;u;u;u;u;u;u;u;u;u;u;u;u;u;u;u;u;u;u;u;u;u;u;u;u;u;u;u;u;u;u;u;u
